country,cluster,child_mort_z,total_fer_z,inflation_z,income_z,life_expec_z,gdpp_z,health_z,screening_score_raw,screening_score_0_100,cluster_priority_rank
Nigeria,2,2.2813850239184923,1.9161333736062311,9.129718055281284,-0.6240647737306978,-1.134120813912878,-0.5819362740192721,-0.6374380819036966,11.42121832778006,100.0,1
Haiti,2,4.221297244871843,0.25311988164084254,-0.2212572977687444,-0.8139685299479191,-4.337186493794972,-0.6732147669703057,0.034437792988657796,10.170939371847181,94.71911947210685,1
Central African Republic,2,2.753927744407129,1.4987236126746795,-0.5476637433749555,-0.8458099268807793,-2.600312850478625,-0.6850350034675617,-1.0354515077910154,8.627703020116805,88.20085667873765,1
Chad,2,2.778798413906531,2.4130497556676023,-0.13206483879495423,-0.7915963066127396,-1.5852568251638772,-0.6603547874478279,-0.8346190451873223,8.580333191994761,88.00077780693684,1
Niger,2,2.1072903374226786,3.009349414141248,-0.49642552226235254,-0.8496600304314845,-1.325853618694553,-0.6903978885450206,-0.6045745880230923,8.036625822115354,85.70428737266747,1
Angola,2,2.007807659425071,2.1281510299524165,1.3870535315990684,-0.5850434539600359,-1.1792344150379779,-0.5162682934789601,-1.4480709309586024,7.834067083133296,84.84872750311276,1
"Congo, Dem. Rep.",2,1.9331956509268653,2.3799219968635112,1.2352365801543195,-0.8603258578354654,-1.4724728223511274,-0.6911640149846575,0.39958772499537215,7.7549047705411,84.51436474900305,1
Mali,2,2.4554797104143056,2.3865475486243293,-0.32373373999395016,-0.7947180121943925,-1.2469048167256278,-0.670697494382927,-0.6703015757843008,7.727631500236758,84.39916895097836,1
Sierra Leone,2,3.02750510890055,1.4920980609138614,0.8936484394036334,-0.8285364893289662,-1.7544328293830018,-0.6876069993720574,2.294715872110219,7.089645771545144,81.7044691835913,1
Guinea,2,1.7591009644310518,1.5848557855653171,0.7892742852853684,-0.8300973421197927,-1.4160808209447526,-0.6739808934099426,-0.6885590723846368,7.003032485305859,81.33863529141274,1
Mozambique,2,1.5601356084358364,1.730617924303319,-0.013457845478743825,-0.8442490740899528,-1.8108248307893768,-0.6865125330297188,-0.5863170914227567,6.91876959362021,80.98272890602958,1
Burkina Faso,2,1.9331956509268653,1.9360100288886861,-0.09221288904070754,-0.8176105197931809,-1.4273592212260278,-0.6779756955594782,-0.027637695452483617,6.759863519600127,80.3115474964133,1
Zambia,2,1.1149506243965417,1.624609096130227,0.5900145365141347,-0.7213579310255481,-2.092784837821251,-0.6295455599109983,-0.338015137658191,6.647262886370728,79.83594924001788,1
Malawi,2,1.298993578692116,1.5649791302828622,0.40973190667349485,-0.8384218903375339,-1.9687224347272263,-0.6843236003450417,-0.08241018525349089,6.601511680348272,79.64270704245457,1
Cote d'Ivoire,2,1.8088423034298555,1.538476923239589,-0.22695043344792254,-0.7520547025784688,-1.6078136257264275,-0.6426791560190606,-0.5534535975421524,6.513118293040517,79.26935442733377,1
Afghanistan,2,1.2915323778422956,1.9028822700845949,0.15733622489659913,-0.808245403048222,-1.6190920260077017,-0.6791796085360506,0.27908824743315636,6.240055674250586,78.11600296155045,1
Cameroon,2,1.7342302949316497,1.432468095066497,-0.5571523028402522,-0.7536155553692954,-1.4950296229136777,-0.6377540574785372,-0.6155290859832938,6.082286017331178,77.44962150710418,1
Benin,2,1.8088423034298555,1.5981068890869539,-0.6544100373595448,-0.7973194335124367,-0.9875016102563037,-0.6679613285270807,-0.9916335159502097,6.028343304107963,77.221780334116,1
Uganda,2,1.0627222184477978,2.1215254781915984,0.2674035146940424,-0.8118873928934838,-1.5514216243200527,-0.6768812292171398,0.8012526502027578,5.957513375315716,76.92261158463324,1
Guinea-Bissau,2,1.8834543119280613,1.3927147845015868,-0.4565735725081059,-0.8196916568476161,-1.686762427695352,-0.6795079484387522,0.6150261848793336,5.926331250717649,76.79090571705316,1
Burundi,2,1.376092654140262,2.194406547560599,0.42870902560408863,-0.8522614517495286,-1.4499160217885771,-0.696800516647701,1.746990974100148,5.910336217638639,76.7233465069032,1
"Congo, Rep.",2,0.6374337700080248,1.3264592668934043,1.2257480206890223,-0.6219836366762626,-1.1453992141941531,-0.5594997140013321,-1.5904794044412212,5.698889314338299,75.83024514818368,1
Tanzania,2,0.8363991260032404,1.6444857514126816,0.1393079619125352,-0.7832717583949984,-1.269461617288178,-0.6710258342856286,-0.29419714581738526,5.421396641249687,74.65818218815946,1
Mauritania,2,1.4706011982379896,1.3463359221758593,1.0549539503136793,-0.7192767939711129,-0.2656839922547045,-0.6437736223613991,-0.878437037028128,5.412367022671969,74.62004322989333,1
Gambia,2,1.0453127497982164,1.8300012007155937,-0.330375731619658,-0.8056439817301779,-0.5702007998491292,-0.6786870986819983,-0.41104512405953364,4.970180526995054,72.75235278878276,1
Eritrea,2,0.4210589453632281,1.1011905070255827,0.3622891093470107,-0.8181308040567897,-0.998780010537578,-0.6830649640513524,-1.517449418039878,4.962094494727975,72.71819931435651,1
Togo,2,1.2940194447922357,1.2734548528068579,-0.6264187869369191,-0.829056773592575,-1.3371320189758273,-0.6827366241486509,0.3046487426736265,4.950865949510875,72.6707726136893,1
Lesotho,2,1.527803738086614,0.2332432263583875,-0.3446085708176032,-0.7681835147503425,-2.713096853291375,-0.6454153218749069,1.5644160080967908,4.933230364904429,72.59628410462156,1
Madagascar,2,0.5951536318590416,1.094564955264764,0.09566058837216969,-0.8196916568476161,-1.1002856130690535,-0.6868408729324204,-1.1121329935124253,4.900433520915193,72.45775804691482,1
Pakistan,2,1.3387866498911591,0.5976485732033932,0.2958691930899329,-0.6693295046646657,-0.5927576004116795,-0.6525293531001074,-1.6854183867629668,4.841695471197454,72.20966251469065,1
Ghana,2,0.9060370006015658,0.8759217471577607,0.8367170826118525,-0.7328041848249424,-0.9423880091312031,-0.6377540574785372,-0.5826655921026896,4.804596336551279,72.05296460593598,1
Sudan,2,0.9557783396003696,1.2800804045676761,1.1213738665707575,-0.7166753726530688,-0.4799735975989297,-0.6284510935686597,-0.1810006668953036,4.712146074721735,71.66247671907077,1
Comoros,2,1.2417910388434918,1.1939482316770385,-0.3711765373204343,-0.8186510883203986,-0.5250871987240286,-0.6673593720387945,-0.8419220438274567,4.6822096828572635,71.5360325298582,1
Equatorial Guinea,2,1.8088423034298555,1.4987236126746795,1.6242675182314894,0.8613467988724989,-1.0890072127877783,0.22632711979773404,-0.8528765417876579,4.547471240231654,70.96692943918887,1
Timor-Leste,2,0.6051018996588023,2.1745298922781444,1.7760844696762388,-0.7957585807216102,0.0613896159022689,-0.5124376612807753,0.8414191427234962,4.493771081513436,70.74011275865999,1
Yemen,2,0.44841668181257005,1.1409438175904922,1.5009162451826308,-0.6589238193924891,-0.34463279422362963,-0.6377540574785372,-0.5972715893829582,4.279765087780513,69.83620241145802,1
Liberia,2,1.2691487752928339,1.3728381292191318,-0.21935958587568508,-0.8555912710366251,-1.1002856130690535,-0.691547078204476,1.8200209605014912,4.269720593633532,69.79377686050267,1
Senegal,2,0.7095587115562904,1.399340336262405,-0.5628454385194303,-0.778589200022519,-0.7393768040682539,-0.6547182857847844,-0.4219996220197351,4.211160429444405,69.54643267438395,1
Kenya,2,0.5951536318590416,0.9421772647659439,-0.540072895802718,-0.7629806721142542,-0.874717607443554,-0.656524155249643,-0.7542860601458452,3.9386599136040004,68.39545539758197,1
Lao,2,1.010493812499054,0.13385994994611333,0.1345636821798867,-0.6849380325729304,-0.7619336046308042,-0.6470570213884147,-0.8565280411077254,3.7338282826811224,67.53029537380942,1
Gabon,2,0.6324596361081445,0.7500362637022137,0.8367170826118525,-0.09077340353165173,-0.8634392071622788,-0.2306125781286032,-1.2107234751542382,3.5910413675159374,66.92719745205713,1
Rwanda,2,0.6299725691582042,1.0349349894173996,-0.4907323865831744,-0.8217727939020515,-0.6717064023806046,-0.6786323753648814,1.3453260488927623,2.9189899124851735,64.08861217013005,1
Namibia,2,0.44095548096274956,0.43200977918293615,-0.40059107166285457,-0.4518506824761766,-1.3484104192571025,-0.42542758706486195,-0.013031698172215028,2.904874262198507,64.02899102527779,1
Kiribati,2,0.6075889666087425,0.5910230214425748,-0.5941576847549098,-0.8020019918849162,-1.1115640133503277,-0.6279038603974904,1.6374459944981339,2.62428001405753,62.84382775094203,1
Iraq,2,-0.034074306475827376,1.0680627482214908,0.8367170826118525,-0.2312501547060346,-0.37846799506745427,-0.4631866758755413,0.5821626909987293,2.234170463201255,61.19609792146178,1
South Africa,2,0.38375294111412517,-0.2371709486597105,-0.13586026258107295,-0.2676700531586524,-1.833381631351927,-0.3110558542904853,0.7756921549622877,2.102913322483799,60.64169902090237,1
Myanmar,0,0.6498691047577259,-0.35643088035443937,-0.07038920227052478,-0.6984654234267599,-0.4235815961925548,-0.6553749655901876,-1.7694028711245111,2.920367044039782,64.09442884582195,2
Mongolia,0,-0.3026775370693682,-0.20404318985561892,2.9811315217689365,-0.4908720022468385,-0.49125199788020407,-0.5644248125418555,-0.5023326070612122,2.781560150158985,63.5081415860436,2
Solomon Islands,0,-0.2529361980705643,0.8560450918753063,-0.09221288904070754,-0.799400570566872,-0.998780010537578,-0.6388485238208758,0.6332836814796695,2.6773897134698794,63.068150471994045,2
Tajikistan,0,0.35142107076490253,0.3723798133355714,0.44768614453468225,-0.7822311898677807,-0.10778638831685577,-0.6690557948694192,-0.30515164377758647,2.659293151310664,62.99171490353556,2
India,0,0.5105933555610749,-0.23054539689889206,0.11368885135623379,-0.6625658092377509,-0.49125199788020407,-0.6355651247938602,-1.0098910125505454,2.6312208225273874,62.873144072809545,2
Nepal,0,0.21711945546813216,-0.22391984513807392,0.6943886906323998,-0.7884746010310867,-0.25440559197343016,-0.6770453991684905,-0.5717110941424881,2.3461750948905093,61.66917880930276,2
Vanuatu,0,-0.22557846162122222,0.36575426157475327,-0.48978353063664476,-0.7385273117246394,-0.8521608068810037,-0.5469133510644391,-0.5717110941424881,2.318741051376535,61.55330394353233,2
Turkmenistan,0,0.5901794979591611,-0.0781577064000716,-0.519198064979065,-0.37484861146207044,-0.2995191930985291,-0.4664700749025569,-1.5758734071609526,2.18119734211319,60.972352074722345,2
Botswana,0,0.3539081377148428,-0.045029947595980294,0.10799571567705564,-0.20003309888950507,-1.5175864234762273,-0.36194853920922704,0.541996198477991,2.1714460102933546,60.93116477161369,2
Cambodia,0,0.1524557147696871,-0.045029947595980294,-0.44234073331016055,-0.7608995350598189,-0.50253039816148,-0.6664290756478067,-0.414696623379601,2.0234627210775322,60.30611860350449,2
Bangladesh,0,0.27680906226669677,-0.4094352944409857,-0.060900642805227986,-0.7650618091686895,-0.017559186066654665,-0.6679613285270807,-1.2034204765141039,1.889216008442574,59.73909246319914,2
Bolivia,0,0.20717118766837142,0.1669877087502049,0.09471173242564003,-0.6105373828768683,0.11778161730864378,-0.6010894350101964,-0.721422566265241,1.8760712463424378,59.683572118807994,2
Philippines,0,-0.15842765397283703,0.14048550170693178,-0.3379665791918955,-0.6006519818683007,-0.175456790004505,-0.5928809374426574,-1.1705569826334996,1.7673427587703596,59.224328883430786,2
Indonesia,0,-0.12360871667367436,-0.3100520180287115,0.7133658095629936,-0.45341153526700306,-0.07395118747302955,-0.5392520866680693,-1.5357069146402142,1.7574904368073199,59.18271502201029,2
Kyrgyz Republic,0,-0.2156301938214614,0.10073219114202205,0.21047215790226143,-0.7468518599423807,-0.23184879141087988,-0.6612850838388157,-0.23212165737624382,1.7463846401518894,59.13580678203224,2
Guyana,0,-0.016664837826245955,-0.19741763809480078,-0.19468933126591323,-0.5881651595416889,-0.5702007998491292,-0.5430827188662541,-0.5242416029816153,1.6521423381938765,58.73774974447892,2
Uzbekistan,0,-0.04899670817546857,-0.40280974268016756,0.8272285231465556,-0.6714106417191009,-0.19801359056705528,-0.6339234252803523,-0.36722713221872816,1.6487690343935142,58.72350171265413,2
Tonga,0,-0.519052361714165,0.637401883768303,-0.3892048003044983,-0.6329096062120478,-0.07395118747302955,-0.5151738271366216,-0.6374380819036966,1.4645007836754362,57.945196509236574,2
Egypt,0,-0.22806552857116236,0.1603621569893865,0.21996071736755823,-0.37901088557094104,-0.006280785785380329,-0.5671609783977019,-0.7871495540264495,1.3883044138692513,57.623361191049206,2
Fiji,0,-0.352418876068172,-0.1841665345731642,-0.3370177232453657,-0.5096022357367562,-0.5927576004116795,-0.5097014954249289,-0.7141195676251065,1.2640268431218988,57.09844233170244,2
Samoa,0,-0.4817463574650621,0.9223006094834889,-0.5751805658243162,-0.6110576671404772,0.10650321702736945,-0.5206461588483142,-0.12622817709429665,1.241278666614839,57.00235945212492,2
Guatemala,0,-0.07138031072493027,0.28624764044493384,-0.2506718321111646,-0.542900428607721,0.08394641646481918,-0.5545746154608088,0.012528797068254756,1.0967956427340044,56.39209757112403,2
Bhutan,0,0.11017557662070393,-0.3763075356368944,-0.1700190766561415,-0.557988672252377,0.17417361871501869,-0.590144771586811,-0.5899685907428237,0.9178026231513201,55.6360736876078,2
Sri Lanka,0,-0.673250512610457,-0.49556746733162327,1.425007769460256,-0.4466478398400883,0.4335768251843444,-0.5556690818031472,-1.4152074370779981,0.8200297197859381,55.22310423060164,2
Venezuela,0,-0.5265135625639855,-0.31667756978952966,3.616865005943824,-0.03354213453468092,0.5463608279970942,0.029323178176798224,-0.6958620710247709,0.7710305344915707,55.01614334217288,2
"Micronesia, Fed. Sts.",0,0.04302476897231865,0.3392520545314801,-0.37781852894614215,-0.7182362254438952,-0.5814792001304036,-0.552932915947301,2.6963807973176053,0.6978255018935249,54.70694271989868,2
Kazakhstan,0,-0.41708261676661706,-0.23054539689889206,1.1118853071054606,0.15376020036449625,-0.24312719169215422,-0.21310111665118667,-0.9222550288689338,0.6719102623005327,54.597482920153254,2
Algeria,0,-0.27283273367008587,-0.03840439583516186,0.7892742852853684,-0.22084446943385808,0.6704232310911183,-0.46537560856021837,-0.9660730207097395,0.5822333703952643,54.21870908730797,2
Cape Verde,0,-0.2927292692696074,-0.1841665345731642,-0.6904665633276728,-0.5886854438052976,0.21928721984011923,-0.5283074232446839,-0.9952850152702768,0.5732190693383927,54.180634826601654,2
Azerbaijan,0,0.02312823337279717,-0.6810829166345354,0.5710374175835411,-0.05955634771512219,-0.16417838972323065,-0.38985743093885966,-0.34166663697825805,0.4119895123963738,53.49963957851267,2
Morocco,0,-0.1186345827737939,-0.24379650042052864,-0.6457754482461247,-0.5569481037251593,0.332071222652869,-0.5545746154608088,-0.5899685907428237,0.3891169845871262,53.40303146865176,2
Paraguay,0,-0.352418876068172,-0.14441322400825446,-0.15958166124431503,-0.5127239413184091,0.39974162434051824,-0.5326852886140381,-0.34531813629832514,0.2417037430425076,52.78039304613608,2
Belize,0,-0.4842334244150023,-0.15766432752989104,-0.6302142107230378,-0.4820271697654885,0.0952248167460951,-0.4719424066142496,-0.5899685907428237,0.19672419769864252,52.59041015949087,2
Vietnam,0,-0.3723154116676936,-0.6612062613520805,0.40973190667349485,-0.6584035351288803,0.28695762152776844,-0.6377540574785372,0.00887729774818769,0.17610560252252855,52.503322124247724,2
Jordan,0,-0.42703088456637783,0.47176308974784587,0.06150177429710115,-0.3993019718516852,0.5914744291221932,-0.5080597959114211,0.44705721615624466,0.16784182289280944,52.46841788729619,2
Dominican Republic,0,-0.0962509802243322,-0.23054539689889206,-0.22220615371527405,-0.31449563688344667,0.45613362574689315,-0.411199524614461,-0.21751566009597526,-0.05958008818185921,51.50784190054422,2
Jamaica,0,-0.5016428930645837,-0.5154441226140783,0.1924438949181975,-0.4757837586021826,0.46741202602816906,-0.4533364787944945,-0.7323770642254426,-0.092968324738334,51.366817941486836,2
St. Vincent and the Grenadines,0,-0.43697915236613866,-0.5816996402222612,-0.3170917483682424,-0.37588917998928806,0.11778161730864378,-0.36851533726325825,-0.8565280411077254,-0.1223377462747558,51.242768499903256,2
Armenia,0,-0.5016428930645837,-0.8334706071333559,-0.0011227181738579543,-0.5434207128713299,0.3095144220903187,-0.5332325217852074,-0.8820885363481952,-0.12749177854455218,51.22099909514399,2
Suriname,0,-0.352418876068172,-0.28354981098543836,-0.05520750712604984,-0.15320751516471076,-0.028837586347930606,-0.2552380708312202,0.0709527861893291,-0.26176566136743823,50.653858194436026,2
Ukraine,0,-0.660815177860756,-0.9991094011538129,0.5330831797223538,-0.4851488753471414,-0.017559186066654665,-0.5469133510644391,0.3302092379140963,-0.5088661956322051,49.610164390234424,2
Peru,0,-0.44692742016589937,-0.2702987074638018,-0.19658704315897266,-0.37380804293485276,0.8283208350289687,-0.43473055097473945,-0.6337865825836295,-0.5184085990367493,49.569859550990955,2
El Salvador,0,-0.47428515661524157,-0.4491886050058954,-0.48693696279705573,-0.5122036570548003,0.39974162434051824,-0.5458188847221005,0.034437792988657796,-0.5258802220776114,49.53830119480091,2
Ecuador,0,-0.3275482065687701,-0.19079208633398234,-0.029588396569748432,-0.4055453830149911,0.6929800316536686,-0.454430945136833,0.45436021479637945,-0.5933183020876608,49.25345880672933,2
Grenada,0,-0.5886902363124904,-0.46906526028835016,-0.692838703193997,-0.3092927942473584,0.08394641646481918,-0.3061307557499619,-0.3489696356183922,-0.6982128968561417,48.81040902142698,2
Iran,0,-0.4717980896653013,-0.7870917448076278,0.7702971663547744,0.013283449190113374,0.4448552254656188,-0.35209834212818025,-0.4439086179401382,-0.7578272748530248,48.55861208726895,2
Belarus,0,-0.815013328757048,-0.9659816423497214,0.6943886906323998,-0.049150662442945685,-0.017559186066654665,-0.3794600006866436,-0.4402571186200708,-0.7675022172842904,48.517747434743754,2
China,0,-0.5613324998631483,-0.8997261247415386,-0.07987776173582158,-0.3961802662700323,0.45613362574689315,-0.4599032768485257,-0.6374380819036966,-0.7823285471490844,48.45512454861776,2
Georgia,0,-0.5414359642636267,-0.6810829166345354,0.07288804565545744,-0.5418598600805034,0.25312242068394386,-0.5474605842356083,1.1992660760900764,-0.9495098724833037,47.74899044838722,2
Moldova,0,-0.5240264956140454,-1.1117437810877235,0.31484631202052654,-0.6885800224181922,-0.09650798803557983,-0.6202425960011206,1.7835059673008191,-0.9647694978870227,47.68453742510385,2
Tunisia,0,-0.519052361714165,-0.535320777896533,-0.3759208170530828,-0.35091553533606445,0.7155368322162189,-0.48288707003763487,-0.2211671594160423,-1.0134841952717377,47.47877814584829,2
Russia,0,-0.7030953160097393,-0.9129772282631752,0.6089916554447283,0.3098454794471439,-0.1528999894419547,-0.12390210975059629,-0.6337865825836295,-1.0277268055133284,47.41862075238479,2
Argentina,0,-0.5911773032624306,-0.38293308739771253,1.244725139619616,0.08092040345926069,0.5914744291221932,-0.14579143659736693,0.4689662120766477,-1.112834322872746,47.059146869322156,2
Thailand,0,-0.5812290354626699,-0.9262283317848117,-0.351250562443311,-0.18962741361732854,0.6817016313723927,-0.4314471519477239,-1.0719665009916868,-1.207726463780634,46.65834506681829,2
Libya,0,-0.5389488973136866,-0.35643088035443937,0.6089916554447283,0.6480302507928805,0.6253096299660178,-0.047289465786899035,-1.0719665009916868,-1.2809511144219177,46.34906158260192,2
Albania,0,-0.5389488973136866,-0.859972814176629,-0.312347468635594,-0.3753688957256792,0.6478664305285681,-0.4856232358934812,-0.09701618253375949,-1.2934616534506405,46.296220045409974,2
Malaysia,0,-0.7553237219584834,-0.5286952261357148,-0.04856551550034211,0.2057886267253788,0.4448552254656188,-0.21310111665118667,-0.8857400356682625,-1.302974423550049,46.25604037018957,2
Maldives,0,-0.6235091736116531,-0.4756908120491686,-0.46511327602687297,-0.3457126926999762,0.8283208350289687,-0.3209060513715321,-0.17734916757523655,-1.4047841308441003,45.82602041484409,2
Colombia,0,-0.48920755831488266,-0.6214529507871709,-0.37212539326696403,-0.3249013221556232,0.659144830809844,-0.36742087092091974,0.28273974675322344,-1.4049157168454485,45.825464626914545,2
Seychelles,0,-0.5936643702123708,-0.5154441226140783,-1.1378521421164183,0.169368728272761,0.3207928223715947,-0.11842977803890363,-1.2472384683549096,-1.4261471023126555,45.73578831143157,2
Panama,0,-0.4618498218655406,-0.21729429337725548,-0.4926300984762338,-0.09077340353165173,0.8170424347476928,-0.26727720059694404,0.4689662120766477,-1.618934101138334,44.92150194493838,2
"Macedonia, FYR",0,-0.6931470482099785,-0.979232745871358,-0.5448171755353663,-0.2988871089751819,0.3884632240592439,-0.46099774319086423,0.10016478074986628,-1.6234491441171508,44.90243147875458,2
Mauritius,0,-0.5787419685127296,-0.9129772282631752,-0.6311630666695676,-0.06475919035121044,0.3207928223715947,-0.2716550659662981,-0.2978486451374523,-1.6427549735960485,44.820888253151885,2
Romania,0,-0.6657893117606364,-0.8997261247415386,-0.40343763950244355,0.03409481973446639,0.35462802321541925,-0.25906870302940505,-0.4512116165802723,-1.6712825878837412,44.70039440489167,2
Brazil,0,-0.45936275491560036,-0.7605895377643547,0.05960406240404182,-0.137598987256446,0.41102002462179416,-0.09654045119213299,0.8012526502027578,-1.767657172752528,44.29333111217422,2
Turkey,0,-0.4767722235651817,-0.5286952261357148,-0.07323577011011385,0.044500505006642904,0.8621560358727933,-0.12390210975059629,-0.027637695452483617,-1.8110209181585515,44.11017297962746,2
Bulgaria,0,-0.6831987804102178,-0.9129772282631752,-0.6330607785626269,-0.09597624616773998,0.3771848237779696,-0.33513411382193303,0.01983179570838921,-1.8686967595971975,43.866563962185474,2
Saudi Arabia,0,-0.5613324998631483,0.00797446649056601,0.8936484394036334,1.4700793872948246,0.512525627153268,0.34671841745497256,-0.9222550288689338,-1.9747297311393637,43.41870594452103,2
Oman,0,-0.660815177860756,-0.03177884407434372,0.741831487958884,1.4648765446587364,0.6253096299660178,0.34671841745497256,-1.4772829255191398,-2.019941407275814,43.22774259269508,2
Antigua and Barbuda,0,-0.6956341151599187,-0.5419463296573515,-0.6017485323271473,0.1017317740036137,0.704258431934943,-0.041817134075206375,-0.2868941471772508,-2.159180709255568,42.63962894409441,2
Uruguay,0,-0.6881729143100981,-0.5750740884614427,-0.27249551888134727,-0.0023250787181513903,0.659144830809844,-0.05823412921028436,0.5602536950783262,-2.2782072326327856,42.136889258184425,2
Serbia,0,-0.7627849228083039,-1.025611608197086,-0.18045649206796804,-0.2312501547060346,0.46741202602816906,-0.4133884572991381,1.3088110556920909,-2.3558037189084162,41.80914018149925,2
Montenegro,0,-0.7826814584078254,-0.7804661930468095,-0.5865668371826723,-0.1636132004368873,0.659144830809844,-0.34388984456064126,0.8377676434034291,-2.4269566775600007,41.50860703082747,2
Latvia,0,-0.7578107889084236,-1.052113815240359,-0.8154308914856321,0.06010903291490766,0.28695762152776844,-0.09106811948044033,-0.049546691372886656,-2.4488652391673917,41.41607048461303,2
Lithuania,0,-0.8000909270574068,-0.9593560905889031,-0.5125560733533572,0.2057886267253788,0.2982360218090444,-0.052761797498591695,0.08190728414953062,-2.5079415474335853,41.16654622884406,2
Chile,0,-0.7354271863589619,-0.7075851236778085,0.11179113946317447,0.11734030191187847,0.9636616384042671,-0.0035108120933577455,0.4178452215957078,-2.6735304793258248,40.46713801924824,2
Barbados,0,-0.5986385041122512,-0.7738406412859913,-0.707925512743819,-0.09597624616773998,0.6929800316536686,0.16613147096911476,0.42149672091577484,-2.7003255186830826,40.353962154842606,2
Lebanon,0,-0.6956341151599187,-0.886475021219902,-0.7158010171000152,-0.04394781980685743,1.0426104403731922,-0.22459301324574127,0.07825578482946356,-2.7532071446651534,40.13060276163928,2
Estonia,0,-0.8398839982564499,-0.813593951850901,-0.5732828539312569,0.28903410890279085,0.6140312296847434,0.0895188270054175,-0.2868941471772508,-2.7892564690773054,39.97833900127728,2
Bosnia and Herzegovina,0,-0.7801943914578853,-1.0852415740444505,-0.6055439561132662,-0.38629486526146456,0.704258431934943,-0.45716711099267937,1.5644160080967908,-2.811212403288163,39.88560236446864,2
Costa Rica,0,-0.698121182109859,-0.6810829166345354,-0.11498543175741986,-0.21564162679776983,1.1102808420608432,-0.26071040254291283,1.4913860216954482,-2.816318638190989,39.86403484440344,2
Hungary,0,-0.802577994007347,-1.1249948846093603,-0.5173003530860055,0.26822273835843785,0.4448552254656188,0.007433851330027577,0.1878007644314778,-3.000635252529533,39.08552536457192,2
Croatia,0,-0.815013328757048,-0.9262283317848117,-0.6604827154173347,0.15376020036449625,0.6478664305285681,0.029323178176798224,0.34481523519436486,-3.074840444917572,38.77210030555525,2
Poland,0,-0.802577994007347,-1.0189860564362678,-0.5808737015034943,0.24220852517799657,0.6478664305285681,-0.01992780722843573,0.23527025559235062,-3.099783177469666,38.666748143926235,2
Bahrain,0,-0.7379142533089019,-0.5220696743748965,-0.03243496440933742,1.2463571539430298,0.6140312296847434,0.42333106141866983,-0.6739530751043682,-3.2229443173827264,38.146544822520475,2
Bahamas,0,-0.6085867719120119,-0.720836227199445,-0.7756738273260383,0.29943979417496736,0.3659064234966936,0.8228112763722342,0.3922847263552377,-3.4015597699959894,37.392115691957045,2
Slovak Republic,0,-0.7777073245079451,-1.005734952914631,-0.6923642752207321,0.41910517480499726,0.5576392282783685,0.19896546123927072,0.7209196651612804,-3.665794111936219,36.27605276493476,2
Czech Republic,0,-0.867241734705792,-0.9527305388280849,-0.8740701889811665,0.5803932965237332,0.7832072339038681,0.3740800760134359,0.3886332270351706,-4.189004587983082,34.066136328419205,2
Israel,3,-0.8373969313065097,0.05435332881629388,-0.5704362860916677,0.6480302507928805,1.2230648448735928,0.9650919008762432,0.297345744033492,-4.053121614095512,34.64007364654327,3
South Korea,3,-0.8498322660562107,-1.1382459881309968,-0.43854530952404186,0.6896529918815865,1.076445641217017,0.4999437053823671,0.04174079162879193,-4.494263643244595,32.776794783283165,3
United Arab Emirates,3,-0.7379142533089019,-0.7142106754386266,0.44768614453468225,2.104826188897592,0.6704232310911183,1.2058744961907204,-1.152299486033164,-4.633256029643037,32.189724047289474,3
Slovenia,3,-0.8722158686056724,-0.9129772282631752,-0.8320358705499014,0.6012046670680862,1.0087752395293677,0.5710840176343717,0.9473126230054436,-4.855931267878346,31.24919687608438,3
Cyprus,3,-0.8622676008059116,-1.0123605046754494,-0.5476637433749555,0.8717524841446754,1.0538888406544682,0.9760365642996285,-0.30880314309765383,-4.895736294718783,31.08106992317003,3
Portugal,3,-0.8548063999560911,-1.0322371599579043,-0.6773723512655632,0.5231620275267623,1.0426104403731922,0.5218330322291378,1.5279010148961194,-5.077285743123929,30.314248293178565,3
New Zealand,3,-0.7976038601074665,-0.5154441226140783,-0.38446052057185,0.7885070019672633,1.166672843467218,1.1347341839387157,1.1992660760900764,-5.1948253104257045,29.817789155579316,3
Greece,3,-0.8548063999560911,-0.9726071941105398,-0.674525783425974,0.6012046670680862,1.1102808420608432,0.7626156275436149,1.2722960624914197,-5.2749256536978715,29.47946438329046,3
Kuwait,3,-0.6831987804102178,-0.48894191557080513,0.32433487148582335,3.020526492849125,0.8621560358727933,1.3974061060999634,-1.5284039160000797,-5.525859937059953,28.419577735995105,3
Brunei,3,-0.6906599812600384,-0.7340873307210816,0.8462056420771492,3.3014799951978904,0.7380936327787676,1.2222914913257983,-1.4517224302786698,-5.537648395105666,28.369786096895616,3
Spain,3,-0.8572934669060314,-1.0454882634795408,-0.7232020934829468,0.7989126872394399,1.2794568462799678,0.9705642325879359,0.9947821141663161,-5.8107076003175475,27.216449049252937,3
United Kingdom,3,-0.8224745296068685,-0.6810829166345354,-0.5894134050222615,0.9914178647747053,1.0990024417795672,1.4192954329467342,1.031297107366988,-5.823628441937036,27.16187449164036,3
Iceland,3,-0.8871382703053136,-0.49556746733162327,-0.21935958587568508,1.126691773313,1.290735246561242,1.583465384297514,0.9436611236853766,-5.965108496589225,26.564296437436827,3
Italy,3,-0.8523193330061509,-0.9858582976321764,-0.7081152839331248,0.9914178647747053,1.2569000457174175,1.2496531498842616,0.9911306148462491,-6.185771640404399,25.632267873836977,3
Finland,3,-0.8771900025055528,-0.7142106754386266,-0.7050789449042298,1.1787201996738823,1.0651672409357427,1.8187756479002983,0.7793436542823547,-6.396275066047395,24.743151540031725,3
France,3,-0.8473451991062704,-0.6082018472655343,-0.638753914241805,1.027837763227323,1.2230648448735928,1.5123250720455093,1.8565359537021624,-6.466419660490213,24.446877479613224,3
Belgium,3,-0.8398839982564499,-0.720836227199445,-0.5599988706798413,1.2463571539430298,1.0651672409357427,1.7202736770898306,1.418356035294105,-6.581695750411471,23.959978731371393,3
Australia,3,-0.8324227974066294,-0.6744573648737171,-0.6283164988299784,1.2619656818512945,1.290735246561242,2.13069855546678,0.699010669240878,-6.853943230195091,22.810070218607073,3
Japan,3,-0.8722158686056724,-1.0322371599579043,-0.9186664184680615,0.9706064942303522,1.3809624488114416,1.725746008801523,0.9765246175659809,-6.929363498423914,22.49151296863649,3
Ireland,3,-0.8473451991062704,-0.5949507437438978,-1.0439154034099798,1.4856879152030895,1.1102808420608432,1.955583940692615,0.8669796379639663,-6.94929616149369,22.407322147240397,3
Germany,3,-0.8473451991062704,-1.0322371599579043,-0.6664605078804717,1.209937255490412,1.076445641217017,1.5779930525858212,1.746990974100148,-6.950684049347735,22.401460039501526,3
Canada,3,-0.8125262618071077,-0.8732239176982656,-0.4660621319734027,1.2255457833986767,1.211786444592317,1.8844436284406103,1.6374459944981339,-7.059280099172746,21.942776189624905,3
Sweden,3,-0.8771900025055528,-0.6413296060696256,-0.6443521643263301,1.3400083213926184,1.2343432451548673,2.1416432188901653,1.027645608046921,-7.070513280199455,21.895329908402022,3
Austria,3,-0.8448581321563303,-0.9991094011538129,-0.6555486644953804,1.355616849300883,1.1215592423421175,1.857081969882147,1.5279010148961194,-7.269950434531041,21.052954868935522,3
Denmark,3,-0.8498322660562107,-0.7142106754386266,-0.4328521738448638,1.3972395903895891,1.0087752395293677,2.4645107898800322,1.6739609876988053,-7.487975142065661,20.132070431781976,3
Netherlands,3,-0.8398839982564499,-0.7672150895251729,-0.6579208043617046,1.475282229930913,1.1441160429046677,2.0431412480796975,1.8565359537021624,-7.526866987728834,19.96780053866582,3
United States,3,-0.7702461236581245,-0.6744573648737171,-0.6226233631508004,1.6781930927383548,0.9185480372791681,1.9391669455575369,4.047435545742448,-8.315641018553526,16.6362068966838,3
Switzerland,3,-0.8398839982564499,-0.9461049870672665,-0.7083050551224308,1.9955664935397386,1.3132920471237923,3.372917854021014,1.7104759808994765,-9.677155898019215,10.885492321117413,3
Norway,3,-0.8722158686056724,-0.6612062613520805,-0.17381450044226024,2.3493597927937397,1.1779512437484922,4.095265639964446,0.9728731182459138,-9.72934261580852,10.665068054612375,3
Qatar,3,-0.7279659855091413,-0.5816996402222612,-0.07608233794970284,5.611542125621075,1.0087752395293677,3.13760759041823,-1.8278268602455852,-10.191718320152134,8.71210320460641,3
Malta,1,-0.7826814584078254,-1.052113815240359,-0.37497196110655306,0.5803932965237332,1.0990024417795672,0.44522038826544047,0.6697986746803408,-4.481796718110372,32.82945210577236,4
Singapore,1,-0.8821641364054332,-1.1912504022175432,-0.7427485259814584,2.859238371130389,1.3696840485301673,1.8406649747470691,-1.0427545064311496,-7.992998942805756,17.9989701801977,4
Luxembourg,1,-0.8821641364054332,-0.8732239176982656,-0.3948979359836764,3.8789955278036867,1.211786444592317,5.036506694375584,0.34846673451443194,-12.25435905612434,0.0,4
