PC1,PC2,country,cluster
-2.9130245873965848,0.09562057550551051,Afghanistan,2
0.4299113299319381,-0.5881556664216977,Albania,0
-0.285225077370054,-0.4551744133397673,Algeria,0
-2.9324226542292733,1.6955550705215459,Angola,2
1.0335758664708317,0.13665870884235218,Antigua and Barbuda,0
0.022407261573744976,-1.7791865758294871,Argentina,0
-0.10158373658107357,-0.5682517238414151,Armenia,0
2.3421646096858812,-1.9884591539619916,Australia,3
2.9737636642043035,-0.7346886586078282,Austria,3
-0.18148699731199322,-0.40286587348363667,Azerbaijan,0
1.268743863986823,-0.6565883632526897,Bahamas,0
1.670996395911486,0.5611624925384966,Bahrain,0
-1.1238509345045709,-0.961397404535294,Bangladesh,0
1.0813741969947273,-0.4819695301363475,Barbados,0
0.5800251522399509,0.5353268339800493,Belarus,0
3.143785961263135,0.6635479207509871,Belgium,3
0.21125544693609705,0.6992426623417226,Belize,0
-2.672313879357943,0.41817212457900815,Benin,2
-0.1565709622345525,0.7773956172959963,Bhutan,0
-0.7938515610201607,-0.12026108495343915,Bolivia,0
0.9958671428099944,-0.9718884391705783,Bosnia and Herzegovina,0
-0.8820876389925548,0.457368180325627,Botswana,0
0.1407813609175999,-2.1510773058294337,Brazil,0
2.460086088279991,0.01645404364593469,Brunei,3
0.9065945150342385,0.03027760544523876,Bulgaria,0
-3.122053436409142,0.038774968791839406,Burkina Faso,2
-2.8989706793026753,-0.422663327878813,Burundi,2
-0.5824118671980264,0.8948203322738489,Cambodia,0
-2.8079085749024073,0.07864889686740374,Cameroon,2
2.543630550006369,-1.727094697943707,Canada,3
-0.15580145212391813,0.3512354576145584,Cape Verde,0
-3.964964019489439,0.3866193194206675,Central African Republic,2
-3.557555202700275,1.2891280920966854,Chad,2
0.9516560554273623,-1.0764282701637695,Chile,0
0.057481980327567135,-1.1899965198293456,China,0
0.12114611965107025,-1.7689091360987825,Colombia,0
-2.093556430840301,0.34360098781160264,Comoros,2
-3.173370115404367,1.0503816332379652,"Congo, Dem. Rep.",2
-1.725676407637265,2.176348950433863,"Congo, Rep.",2
0.9378266149945533,-1.3504723760959656,Costa Rica,0
-2.5817062329578655,1.2078734222116305,Cote d'Ivoire,2
1.1488634359443195,-0.8448120464284745,Croatia,0
2.1744549200988756,-0.00451044736710216,Cyprus,3
2.053263286834166,0.42319827997206233,Czech Republic,0
3.0104918213767755,-0.8655487291060778,Denmark,3
-0.231102922774466,-0.8806413020766548,Dominican Republic,0
0.0096183324043268,-1.0452209670773602,Ecuador,0
-0.8481866985512944,-0.8198189017563543,Egypt,0
0.0818678445362315,-0.5678039433428751,El Salvador,0
-1.2934228376741697,2.363694551720761,Equatorial Guinea,2
-2.474695897621832,-0.6180252364945537,Eritrea,2
1.6590833964276996,1.021564472946117,Estonia,0
-0.1888284090725147,1.071764582700434,Fiji,0
2.458960191794519,-1.0761429369309734,Finland,3
2.2542707953098273,-1.8666381291670753,France,3
-1.4217145532419784,0.3197233583730004,Gabon,2
-2.2136695827033805,0.22349589624451724,Gambia,2
0.3219422066451586,-0.5182552248417757,Georgia,0
2.6714219518476905,-1.273609900582821,Germany,3
-2.0541669295167884,0.38003439318869603,Ghana,2
1.7794929410031526,-1.7653969323374874,Greece,3
0.14550479926578816,-0.43133636632317396,Grenada,0
-0.6635031249243213,-0.6139108370318461,Guatemala,0
-2.96952947337204,0.728533785594865,Guinea,2
-2.833616472861324,-0.09112819501299947,Guinea-Bissau,2
-0.3227814648557313,1.3613413588025738,Guyana,0
-4.4097172749740245,1.7422304851976305,Haiti,2
1.8391601264895303,1.2729649266968395,Hungary,0
2.4809239567775343,-0.6347019259054009,Iceland,3
-1.3428257947703686,-0.5351389457527038,India,0
-0.9547501236855871,-0.7323617864118174,Indonesia,0
-0.001064611925201596,-1.3343495948884097,Iran,0
-1.0292281606558102,-0.28326932294249874,Iraq,2
3.66862804451504,1.729493168937827,Ireland,3
1.4853166588896056,-1.049224363712357,Israel,3
2.165809950508853,-1.7724854795157485,Italy,3
0.018609300222762314,-0.23896130429128007,Jamaica,0
2.2658819868534454,-2.4355938335820557,Japan,3
0.16014264327314667,0.5410651720875443,Jordan,0
-0.29334649971037097,-0.23752543410728372,Kazakhstan,0
-1.8747024727806476,-0.17102996726554362,Kenya,2
-1.2392168622446291,0.3691384109440435,Kiribati,2
2.4656587034837147,0.08804977845740083,Kuwait,3
-0.3399698801949056,1.2981964120287295,Kyrgyz Republic,0
-1.5277699460302683,0.5457868911492434,Lao,2
1.188839844881242,0.1620400345333155,Latvia,0
1.1719907605412028,-0.2562951121423206,Lebanon,0
-1.8031513987910843,2.0378509792633674,Lesotho,2
-1.77358023171766,1.0533986657263879,Liberia,2
0.8189430506398367,0.38984165994536857,Libya,0
1.4097881234543035,0.7298331976042457,Lithuania,0
6.91775496019337,4.849843686160695,Luxembourg,1
0.7332103191064092,-0.09486743144697628,"Macedonia, FYR",0
-2.1360086738058874,0.3427330416914551,Madagascar,2
-2.9798852527902895,0.21662241913399136,Malawi,2
1.2308284212408351,1.6017486351199064,Malaysia,0
1.1086010069884447,1.0093142609302526,Maldives,0
-3.4122551274393116,0.5614685136080763,Mali,2
3.679542597256494,4.765486050245483,Malta,1
-1.9539274713989845,1.383384523347776,Mauritania,2
0.899775055307105,0.41647978070974234,Mauritius,0
-0.3809287954395563,0.10177362904942405,"Micronesia, Fed. Sts.",0
0.5095394527308874,0.16165834016735128,Moldova,0
-0.9449755375621798,0.5297995619111011,Mongolia,0
1.026683891552108,-0.257641566305713,Montenegro,0
-0.23287015644280776,-0.2810277686782181,Morocco,0
-2.920540508926721,0.8932702935199455,Mozambique,2
-1.8371977355130804,-1.613668994607809,Myanmar,0
-1.0433747144410408,1.0028411182968007,Namibia,2
-1.307089846849571,-0.7890486310126502,Nepal,0
3.3791572717097287,0.11570244168414633,Netherlands,3
1.8157466593464617,-1.5847236873694537,New Zealand,3
-3.4501677370115136,0.9699224522576143,Niger,2
-4.912066145268674,-0.09449868457583602,Nigeria,2
3.721195131644584,-1.447254979007685,Norway,3
1.1273866523714107,0.4916111359957968,Oman,0
-2.3603471819217496,-0.479399646099173,Pakistan,2
1.1637842932406404,1.1152762035505956,Panama,0
0.11784622431902773,0.3610311400908273,Paraguay,0
-0.020635451875821484,-1.0866174117971672,Peru,0
-0.7827458706662411,-0.09649809045121013,Philippines,0
1.2178275360138833,-0.659168961071624,Poland,0
1.8140674832663035,-1.4508865366121562,Portugal,3
4.2422963446830035,-0.19560367370630072,Qatar,3
0.572792704268219,-0.6373848425228662,Romania,0
0.16376154366827456,-1.066678481739743,Russia,0
-1.6797035613689004,-1.0016286214160555,Rwanda,2
-0.5628976320853283,-0.022104395997463794,Samoa,0
0.8559358125570655,-0.18344075868103937,Saudi Arabia,0
-1.9121703067898705,0.09155993466113857,Senegal,2
0.8324201868879186,-0.8693259964626717,Serbia,0
1.6025977456332408,2.939120570125815,Seychelles,0
-3.381624785588476,-0.23630151587373277,Sierra Leone,2
5.783376296512412,6.682090283921621,Singapore,1
2.029723699572788,1.0504074455853818,Slovak Republic,0
2.279491706438034,0.19527522626263347,Slovenia,3
-0.8062091357080183,1.3034905887085482,Solomon Islands,0
-1.1918373558294237,-0.5567571642158574,South Africa,2
1.9180624515345297,-0.4274682447256088,South Korea,3
2.0191972111273904,-1.7843824558891754,Spain,3
-0.5755721548711339,-0.9975514782350946,Sri Lanka,0
0.02662346516612998,-0.016064081509922307,St. Vincent and the Grenadines,0
-2.319423867296231,-0.7694073280346797,Sudan,2
0.17167473056172058,-0.09480764089342562,Suriname,0
2.8183228570177112,-0.9144809676023483,Sweden,3
4.0885441257001265,-0.42946190887019725,Switzerland,3
-1.2444643640093265,-0.028917431631789406,Tajikistan,0
-2.55404918816136,-0.21502795550980072,Tanzania,2
0.9260927074506502,0.8282306552663851,Thailand,0
-2.371970474867683,-1.17751294568932,Timor-Leste,2
-1.9976422478014049,0.9583615863528236,Togo,2
-0.755008538074128,-0.0878938567503887,Tonga,0
0.6022316119482015,0.17343570796484648,Tunisia,0
0.40143770458077543,-1.4119897338384428,Turkey,0
-0.46393616539244265,1.2918734692462936,Turkmenistan,0
-2.854836240303578,-0.352082382182461,Uganda,2
0.30229979978487675,-0.09757106690803814,Ukraine,0
2.4271412529402814,1.1518130739301626,United Arab Emirates,3
2.0679899333170884,-1.5353134941962452,United Kingdom,3
2.6412058310387403,-2.9973644598194555,United States,3
0.6173125975107281,-1.430477232944298,Uruguay,0
-0.8535289439327004,-0.6544851120419424,Uzbekistan,0
-0.8206311312965884,0.6395700721266837,Vanuatu,0
-0.5510355640952445,-1.233886181833993,Venezuela,0
0.4985243854930934,1.3907443156342523,Vietnam,0
-1.88745105678213,-0.10945301487766593,Yemen,2
-2.864063918124879,0.4859979854996438,Zambia,2
