test,detail,ari,smallest_cluster
seed,seed=0,0.9796565531739134,3
seed,seed=1,0.9796565531739134,3
seed,seed=2,0.9796565531739134,3
seed,seed=3,0.9796565531739134,3
seed,seed=4,1.0,3
seed,seed=5,0.9796565531739134,3
seed,seed=6,0.9796565531739134,3
seed,seed=7,0.9796565531739134,3
seed,seed=8,0.9796565531739134,3
seed,seed=9,0.9796565531739134,3
seed,seed=10,0.9796565531739134,3
seed,seed=11,1.0,3
seed,seed=12,0.9796565531739134,3
seed,seed=13,1.0,3
seed,seed=14,0.9796565531739134,3
seed,seed=15,0.9796565531739134,3
seed,seed=16,1.0,3
seed,seed=17,0.9796565531739134,3
seed,seed=18,0.9796565531739134,3
seed,seed=19,0.9796565531739134,3
drop_feature,child_mort,0.8280324162902218,3
drop_feature,exports,0.921090284920579,1
drop_feature,health,0.9298092855397144,3
drop_feature,imports,0.9074025084226908,7
drop_feature,income,0.8788494699052605,3
drop_feature,inflation,0.9797178243926279,3
drop_feature,life_expec,0.8670033478963893,3
drop_feature,total_fer,0.8838211265478982,3
drop_feature,gdpp,0.6872447907496636,3
subsample_80,rep=0,0.9522978213828022,3
subsample_80,rep=1,0.9570928119150569,1
subsample_80,rep=2,1.0,3
subsample_80,rep=3,0.9457329452581549,3
subsample_80,rep=4,1.0,3
subsample_80,rep=5,0.9747959384076822,2
subsample_80,rep=6,1.0,3
subsample_80,rep=7,0.949367457155241,2
subsample_80,rep=8,0.8825304563257613,3
subsample_80,rep=9,0.862620455331859,2
subsample_80,rep=10,0.9127730633828364,3
subsample_80,rep=11,0.9750600800243139,3
subsample_80,rep=12,0.9272276038747899,3
subsample_80,rep=13,0.9519854513461908,2
subsample_80,rep=14,0.9523541464914381,3
subsample_80,rep=15,0.9108935923709642,3
subsample_80,rep=16,0.9741409282005753,3
subsample_80,rep=17,0.8635096680371281,2
subsample_80,rep=18,0.9739148951272314,3
subsample_80,rep=19,0.930425183288398,3
subsample_80,rep=20,0.9518438356196428,2
subsample_80,rep=21,0.8392091910033098,2
subsample_80,rep=22,1.0,2
subsample_80,rep=23,0.9275733052816261,3
subsample_80,rep=24,0.9750633126092983,3
subsample_80,rep=25,0.9747351105074737,3
subsample_80,rep=26,0.9575829373751716,3
subsample_80,rep=27,0.8696758883882556,3
subsample_80,rep=28,1.0,3
subsample_80,rep=29,0.9744269923926961,3
subsample_80,rep=30,0.8948533043823512,1
subsample_80,rep=31,0.947924356069515,2
subsample_80,rep=32,0.9056370466843203,3
subsample_80,rep=33,0.9277757562241029,2
subsample_80,rep=34,0.9342556380125088,5
subsample_80,rep=35,0.8230641082493378,13
subsample_80,rep=36,0.9294550521605724,2
subsample_80,rep=37,0.8845096177044636,1
subsample_80,rep=38,0.8614654883291447,3
subsample_80,rep=39,0.5482446551765471,24
subsample_80,rep=40,0.5490178833442036,21
subsample_80,rep=41,0.9503337787337591,3
subsample_80,rep=42,1.0,3
subsample_80,rep=43,0.9101690418462308,1
subsample_80,rep=44,0.8809348437258763,2
subsample_80,rep=45,0.8842673790920479,3
subsample_80,rep=46,0.9272331417642308,2
subsample_80,rep=47,0.9091445927934009,1
subsample_80,rep=48,0.9552226690477648,3
subsample_80,rep=49,1.0,2
subsample_80,rep=50,0.9776747179400417,2
subsample_80,rep=51,1.0,2
subsample_80,rep=52,1.0,2
subsample_80,rep=53,0.9523837288777575,3
subsample_80,rep=54,0.8271891503000782,1
subsample_80,rep=55,0.9750129162556949,2
subsample_80,rep=56,0.943282932020762,4
subsample_80,rep=57,0.955464577652844,3
subsample_80,rep=58,0.915585975647304,1
subsample_80,rep=59,0.9308681897811256,1
subsample_80,rep=60,0.931404211126653,2
subsample_80,rep=61,0.884395162469664,2
subsample_80,rep=62,0.8626133132643362,1
subsample_80,rep=63,0.8731581092534232,1
subsample_80,rep=64,0.9808507352113487,1
subsample_80,rep=65,0.9490536743079983,3
subsample_80,rep=66,0.5935667659290256,23
subsample_80,rep=67,0.913636405886682,1
subsample_80,rep=68,0.9266098193521679,1
subsample_80,rep=69,0.9316111304349748,1
subsample_80,rep=70,0.9251012237191002,3
subsample_80,rep=71,0.9501037598532184,3
subsample_80,rep=72,0.9495871602189443,2
subsample_80,rep=73,0.9053080687664701,3
subsample_80,rep=74,0.9743908347644333,3
subsample_80,rep=75,0.8638620668872475,3
subsample_80,rep=76,0.9054765538331851,3
subsample_80,rep=77,0.9737396761521613,2
subsample_80,rep=78,0.9523908000954786,3
subsample_80,rep=79,0.910184653879801,3
subsample_80,rep=80,0.908229969842902,1
subsample_80,rep=81,0.9241848756310024,3
subsample_80,rep=82,0.9747351105074737,3
subsample_80,rep=83,0.9081632336950629,1
subsample_80,rep=84,0.8655614311105108,1
subsample_80,rep=85,0.9528017317860819,3
subsample_80,rep=86,0.9076738042435992,4
subsample_80,rep=87,0.8638341044511243,1
subsample_80,rep=88,0.9215701993611198,1
subsample_80,rep=89,0.9211561170270864,3
subsample_80,rep=90,0.9550257149620194,3
subsample_80,rep=91,0.9747422767099808,3
subsample_80,rep=92,0.9745267716274599,3
subsample_80,rep=93,0.9300345195748771,3
subsample_80,rep=94,0.9742279364815601,3
subsample_80,rep=95,0.8593672080221836,1
subsample_80,rep=96,0.6096957098554178,22
subsample_80,rep=97,0.9274136931611924,3
subsample_80,rep=98,0.9276222366178236,3
subsample_80,rep=99,0.9742334641965756,3
